{"cameraMode":{"drawMode":0,"name":"Shaded","section":"Shading Mode"},"sceneLighting":false,"audioPlay":false,"sceneViewState":{"showFog":true,"showMaterialUpdate":true,"showSkybox":false,"showFlares":true,"showImageEffects":true,"showParticleSystems":true},"in2DMode":false,"pivot":{"x":5.489239692687988,"y":-1.7016887664794922,"z":-2.1103763580322267},"rotation":{"x":0.05556420609354973,"y":-0.9404680728912354,"z":0.2773832678794861,"w":0.18839076161384583},"size":22.0,"orthographic":false}