{"cameraMode":{"drawMode":0,"name":"Shaded","section":"Shading Mode"},"sceneLighting":false,"audioPlay":false,"sceneViewState":{"showFog":true,"showMaterialUpdate":true,"showSkybox":true,"showFlares":true,"showImageEffects":true,"showParticleSystems":true},"in2DMode":false,"pivot":{"x":0.9314556121826172,"y":5.013062000274658,"z":4.330459117889404},"rotation":{"x":0.20937129855155946,"y":0.5410597920417786,"z":-0.141219824552536,"w":0.8021689057350159},"size":23.82500457763672,"orthographic":false}