{"cameraMode":{"drawMode":0,"name":"Shaded","section":"Shading Mode"},"sceneLighting":false,"audioPlay":false,"sceneViewState":{"showFog":true,"showMaterialUpdate":true,"showSkybox":false,"showFlares":true,"showImageEffects":true,"showParticleSystems":true},"in2DMode":false,"pivot":{"x":-0.27000001072883608,"y":0.28700000047683718,"z":0.18299999833106996},"rotation":{"x":0.35490554571151736,"y":0.38249465823173525,"z":-0.1620815396308899,"w":0.8375378251075745},"size":0.9612058997154236,"orthographic":false}