{"cameraMode":{"drawMode":0,"name":"Shaded","section":"Shading Mode"},"sceneLighting":false,"audioPlay":false,"sceneViewState":{"showFog":true,"showMaterialUpdate":true,"showSkybox":false,"showFlares":true,"showImageEffects":true,"showParticleSystems":true},"in2DMode":false,"pivot":{"x":-0.18366146087646485,"y":0.14786624908447267,"z":0.08651876449584961},"rotation":{"x":0.2698153555393219,"y":-0.27310243248939516,"z":0.0801042765378952,"w":0.9198902249336243},"size":22.0,"orthographic":false}