{"cameraMode":{"drawMode":0,"name":"Shaded","section":"Shading Mode"},"sceneLighting":false,"audioPlay":false,"sceneViewState":{"showFog":true,"showMaterialUpdate":true,"showSkybox":false,"showFlares":true,"showImageEffects":true,"showParticleSystems":true},"in2DMode":false,"pivot":{"x":1.4982237815856934,"y":201.10000610351563,"z":-0.8650002479553223},"rotation":{"x":0.48642775416374209,"y":0.3896723985671997,"z":-0.2565896809101105,"w":0.7387186288833618},"size":3.9825003147125246,"orthographic":false}