{"cameraMode":{"drawMode":0,"name":"Shaded","section":"Shading Mode"},"sceneLighting":false,"audioPlay":false,"sceneViewState":{"showFog":true,"showMaterialUpdate":true,"showSkybox":false,"showFlares":true,"showImageEffects":true,"showParticleSystems":true},"in2DMode":false,"pivot":{"x":1.4199999570846558,"y":2.109999895095825,"z":1.5499999523162842},"rotation":{"x":0.29121214151382449,"y":-0.3034994304180145,"z":0.09799278527498245,"w":0.9019318222999573},"size":4.239568710327148,"orthographic":false}