{"cameraMode":{"drawMode":0,"name":"Shaded","section":"Shading Mode"},"sceneLighting":false,"audioPlay":false,"sceneViewState":{"showFog":true,"showMaterialUpdate":true,"showSkybox":false,"showFlares":true,"showImageEffects":true,"showParticleSystems":true},"in2DMode":false,"pivot":{"x":-0.012391194701194764,"y":0.7376080751419067,"z":0.0349140539765358},"rotation":{"x":0.2698153555393219,"y":-0.27310243248939516,"z":0.0801042765378952,"w":0.9198902249336243},"size":1.6971104145050049,"orthographic":false}