{"cameraMode":{"drawMode":0,"name":"Shaded","section":"Shading Mode"},"sceneLighting":false,"audioPlay":false,"sceneViewState":{"showFog":true,"showMaterialUpdate":true,"showSkybox":false,"showFlares":true,"showImageEffects":true,"showParticleSystems":true},"in2DMode":false,"pivot":{"x":-0.3069707751274109,"y":0.7651450634002686,"z":0.044599566608667377},"rotation":{"x":0.48642775416374209,"y":0.3896723985671997,"z":-0.2565896809101105,"w":0.7387186288833618},"size":2.6984941959381105,"orthographic":false}