{"cameraMode":{"drawMode":0,"name":"Shaded","section":"Shading Mode"},"sceneLighting":false,"audioPlay":false,"sceneViewState":{"showFog":true,"showMaterialUpdate":true,"showSkybox":false,"showFlares":true,"showImageEffects":true,"showParticleSystems":true},"in2DMode":false,"pivot":{"x":0.0,"y":0.5753275156021118,"z":1.7881393432617188e-7},"rotation":{"x":0.11615728586912155,"y":0.29134130477905276,"z":-0.035664841532707217,"w":0.948870837688446},"size":3.715250253677368,"orthographic":false}